Model,Metric,Mean,Std
LinearRegression,RMSE,1.6387304798235973,0.21917225798499965
kNN_Regressor,RMSE,1.391971618229918,0.22915115565412572
LogisticRegression,Accuracy,0.5238095238095238,0.14754222271266348
kNN_Classifier,Accuracy,0.6104761904761904,0.07452951446290991
