Model,Metric,Mean,Std
LinearRegression,RMSE,1.4523631034824005,0.1487916545538923
kNN_Regressor,RMSE,1.3120948219046384,0.11434091567633153
LogisticRegression,Accuracy,0.6952380952380952,0.06605158432152267
kNN_Classifier,Accuracy,0.6380952380952379,0.05714285714285716
